[{"name":"chaine","qualifiedName":"chaine","href":"chaine/chaine-library.html","type":"library","overriddenDepth":0,"packageName":"monprogrammetv"},{"name":"Chaine","qualifiedName":"chaine.Chaine","href":"chaine/Chaine-class.html","type":"class","overriddenDepth":0,"packageName":"monprogrammetv","enclosedBy":{"name":"chaine","type":"library"}},{"name":"Chaine","qualifiedName":"chaine.Chaine.Chaine","href":"chaine/Chaine/Chaine.html","type":"constructor","overriddenDepth":0,"packageName":"monprogrammetv","enclosedBy":{"name":"Chaine","type":"class"}},{"name":"name","qualifiedName":"chaine.Chaine.name","href":"chaine/Chaine/name.html","type":"property","overriddenDepth":0,"packageName":"monprogrammetv","enclosedBy":{"name":"Chaine","type":"class"}},{"name":"programmes","qualifiedName":"chaine.Chaine.programmes","href":"chaine/Chaine/programmes.html","type":"property","overriddenDepth":0,"packageName":"monprogrammetv","enclosedBy":{"name":"Chaine","type":"class"}},{"name":"ChaineTVList","qualifiedName":"chaine.ChaineTVList","href":"chaine/ChaineTVList.html","type":"extension","overriddenDepth":0,"packageName":"monprogrammetv","enclosedBy":{"name":"chaine","type":"library"}},{"name":"generated_plugin_registrant","qualifiedName":"generated_plugin_registrant","href":"generated_plugin_registrant/generated_plugin_registrant-library.html","type":"library","overriddenDepth":0,"packageName":"monprogrammetv"},{"name":"registerPlugins","qualifiedName":"generated_plugin_registrant.registerPlugins","href":"generated_plugin_registrant/registerPlugins.html","type":"function","overriddenDepth":0,"packageName":"monprogrammetv","enclosedBy":{"name":"generated_plugin_registrant","type":"library"}},{"name":"main","qualifiedName":"main","href":"main/main-library.html","type":"library","overriddenDepth":0,"packageName":"monprogrammetv"},{"name":"Directions","qualifiedName":"main.Directions","href":"main/Directions-class.html","type":"enum","overriddenDepth":0,"packageName":"monprogrammetv","enclosedBy":{"name":"main","type":"library"}},{"name":"toString","qualifiedName":"main.Directions.toString","href":"main/Directions/toString.html","type":"method","overriddenDepth":1,"packageName":"monprogrammetv","enclosedBy":{"name":"Directions","type":"enum"}},{"name":"HomePage","qualifiedName":"main.HomePage","href":"main/HomePage-class.html","type":"class","overriddenDepth":0,"packageName":"monprogrammetv","enclosedBy":{"name":"main","type":"library"}},{"name":"operator ==","qualifiedName":"main.HomePage.==","href":"main/HomePage/operator_equals.html","type":"method","overriddenDepth":1,"packageName":"monprogrammetv","enclosedBy":{"name":"HomePage","type":"class"}},{"name":"HomePage","qualifiedName":"main.HomePage.HomePage","href":"main/HomePage/HomePage.html","type":"constructor","overriddenDepth":0,"packageName":"monprogrammetv","enclosedBy":{"name":"HomePage","type":"class"}},{"name":"createElement","qualifiedName":"main.HomePage.createElement","href":"main/HomePage/createElement.html","type":"method","overriddenDepth":1,"packageName":"monprogrammetv","enclosedBy":{"name":"HomePage","type":"class"}},{"name":"createState","qualifiedName":"main.HomePage.createState","href":"main/HomePage/createState.html","type":"method","overriddenDepth":1,"packageName":"monprogrammetv","enclosedBy":{"name":"HomePage","type":"class"}},{"name":"debugDescribeChildren","qualifiedName":"main.HomePage.debugDescribeChildren","href":"main/HomePage/debugDescribeChildren.html","type":"method","overriddenDepth":0,"packageName":"monprogrammetv","enclosedBy":{"name":"HomePage","type":"class"}},{"name":"debugFillProperties","qualifiedName":"main.HomePage.debugFillProperties","href":"main/HomePage/debugFillProperties.html","type":"method","overriddenDepth":1,"packageName":"monprogrammetv","enclosedBy":{"name":"HomePage","type":"class"}},{"name":"hashCode","qualifiedName":"main.HomePage.hashCode","href":"main/HomePage/hashCode.html","type":"property","overriddenDepth":0,"packageName":"monprogrammetv","enclosedBy":{"name":"HomePage","type":"class"}},{"name":"key","qualifiedName":"main.HomePage.key","href":"main/HomePage/key.html","type":"property","overriddenDepth":0,"packageName":"monprogrammetv","enclosedBy":{"name":"HomePage","type":"class"}},{"name":"title","qualifiedName":"main.HomePage.title","href":"main/HomePage/title.html","type":"property","overriddenDepth":0,"packageName":"monprogrammetv","enclosedBy":{"name":"HomePage","type":"class"}},{"name":"toDiagnosticsNode","qualifiedName":"main.HomePage.toDiagnosticsNode","href":"main/HomePage/toDiagnosticsNode.html","type":"method","overriddenDepth":1,"packageName":"monprogrammetv","enclosedBy":{"name":"HomePage","type":"class"}},{"name":"toString","qualifiedName":"main.HomePage.toString","href":"main/HomePage/toString.html","type":"method","overriddenDepth":1,"packageName":"monprogrammetv","enclosedBy":{"name":"HomePage","type":"class"}},{"name":"toStringDeep","qualifiedName":"main.HomePage.toStringDeep","href":"main/HomePage/toStringDeep.html","type":"method","overriddenDepth":0,"packageName":"monprogrammetv","enclosedBy":{"name":"HomePage","type":"class"}},{"name":"toStringShallow","qualifiedName":"main.HomePage.toStringShallow","href":"main/HomePage/toStringShallow.html","type":"method","overriddenDepth":0,"packageName":"monprogrammetv","enclosedBy":{"name":"HomePage","type":"class"}},{"name":"toStringShort","qualifiedName":"main.HomePage.toStringShort","href":"main/HomePage/toStringShort.html","type":"method","overriddenDepth":2,"packageName":"monprogrammetv","enclosedBy":{"name":"HomePage","type":"class"}},{"name":"MPTVFR","qualifiedName":"main.MPTVFR","href":"main/MPTVFR-class.html","type":"class","overriddenDepth":0,"packageName":"monprogrammetv","enclosedBy":{"name":"main","type":"library"}},{"name":"operator ==","qualifiedName":"main.MPTVFR.==","href":"main/MPTVFR/operator_equals.html","type":"method","overriddenDepth":1,"packageName":"monprogrammetv","enclosedBy":{"name":"MPTVFR","type":"class"}},{"name":"MPTVFR","qualifiedName":"main.MPTVFR.MPTVFR","href":"main/MPTVFR/MPTVFR.html","type":"constructor","overriddenDepth":0,"packageName":"monprogrammetv","enclosedBy":{"name":"MPTVFR","type":"class"}},{"name":"build","qualifiedName":"main.MPTVFR.build","href":"main/MPTVFR/build.html","type":"method","overriddenDepth":1,"packageName":"monprogrammetv","enclosedBy":{"name":"MPTVFR","type":"class"}},{"name":"createElement","qualifiedName":"main.MPTVFR.createElement","href":"main/MPTVFR/createElement.html","type":"method","overriddenDepth":1,"packageName":"monprogrammetv","enclosedBy":{"name":"MPTVFR","type":"class"}},{"name":"debugDescribeChildren","qualifiedName":"main.MPTVFR.debugDescribeChildren","href":"main/MPTVFR/debugDescribeChildren.html","type":"method","overriddenDepth":0,"packageName":"monprogrammetv","enclosedBy":{"name":"MPTVFR","type":"class"}},{"name":"debugFillProperties","qualifiedName":"main.MPTVFR.debugFillProperties","href":"main/MPTVFR/debugFillProperties.html","type":"method","overriddenDepth":1,"packageName":"monprogrammetv","enclosedBy":{"name":"MPTVFR","type":"class"}},{"name":"hashCode","qualifiedName":"main.MPTVFR.hashCode","href":"main/MPTVFR/hashCode.html","type":"property","overriddenDepth":0,"packageName":"monprogrammetv","enclosedBy":{"name":"MPTVFR","type":"class"}},{"name":"key","qualifiedName":"main.MPTVFR.key","href":"main/MPTVFR/key.html","type":"property","overriddenDepth":0,"packageName":"monprogrammetv","enclosedBy":{"name":"MPTVFR","type":"class"}},{"name":"toDiagnosticsNode","qualifiedName":"main.MPTVFR.toDiagnosticsNode","href":"main/MPTVFR/toDiagnosticsNode.html","type":"method","overriddenDepth":1,"packageName":"monprogrammetv","enclosedBy":{"name":"MPTVFR","type":"class"}},{"name":"toString","qualifiedName":"main.MPTVFR.toString","href":"main/MPTVFR/toString.html","type":"method","overriddenDepth":1,"packageName":"monprogrammetv","enclosedBy":{"name":"MPTVFR","type":"class"}},{"name":"toStringDeep","qualifiedName":"main.MPTVFR.toStringDeep","href":"main/MPTVFR/toStringDeep.html","type":"method","overriddenDepth":0,"packageName":"monprogrammetv","enclosedBy":{"name":"MPTVFR","type":"class"}},{"name":"toStringShallow","qualifiedName":"main.MPTVFR.toStringShallow","href":"main/MPTVFR/toStringShallow.html","type":"method","overriddenDepth":0,"packageName":"monprogrammetv","enclosedBy":{"name":"MPTVFR","type":"class"}},{"name":"toStringShort","qualifiedName":"main.MPTVFR.toStringShort","href":"main/MPTVFR/toStringShort.html","type":"method","overriddenDepth":2,"packageName":"monprogrammetv","enclosedBy":{"name":"MPTVFR","type":"class"}},{"name":"hourMinuteFormatter","qualifiedName":"main.hourMinuteFormatter","href":"main/hourMinuteFormatter.html","type":"top-level property","overriddenDepth":0,"packageName":"monprogrammetv","enclosedBy":{"name":"main","type":"library"}},{"name":"main","qualifiedName":"main.main","href":"main/main.html","type":"function","overriddenDepth":0,"packageName":"monprogrammetv","enclosedBy":{"name":"main","type":"library"}},{"name":"programme","qualifiedName":"programme","href":"programme/programme-library.html","type":"library","overriddenDepth":0,"packageName":"monprogrammetv"},{"name":"CHAINE_LOGO","qualifiedName":"programme.CHAINE_LOGO","href":"programme/CHAINE_LOGO-constant.html","type":"top-level constant","overriddenDepth":0,"packageName":"monprogrammetv","enclosedBy":{"name":"programme","type":"library"}},{"name":"CHAINE_PKG_NAME","qualifiedName":"programme.CHAINE_PKG_NAME","href":"programme/CHAINE_PKG_NAME-constant.html","type":"top-level constant","overriddenDepth":0,"packageName":"monprogrammetv","enclosedBy":{"name":"programme","type":"library"}},{"name":"MappedTVList","qualifiedName":"programme.MappedTVList","href":"programme/MappedTVList.html","type":"extension","overriddenDepth":0,"packageName":"monprogrammetv","enclosedBy":{"name":"programme","type":"library"}},{"name":"Programme","qualifiedName":"programme.Programme","href":"programme/Programme-class.html","type":"class","overriddenDepth":0,"packageName":"monprogrammetv","enclosedBy":{"name":"programme","type":"library"}},{"name":"Programme","qualifiedName":"programme.Programme.Programme","href":"programme/Programme/Programme.html","type":"constructor","overriddenDepth":0,"packageName":"monprogrammetv","enclosedBy":{"name":"Programme","type":"class"}},{"name":"getCategory","qualifiedName":"programme.Programme.getCategory","href":"programme/Programme/getCategory.html","type":"method","overriddenDepth":0,"packageName":"monprogrammetv","enclosedBy":{"name":"Programme","type":"class"}},{"name":"getChaine","qualifiedName":"programme.Programme.getChaine","href":"programme/Programme/getChaine.html","type":"method","overriddenDepth":0,"packageName":"monprogrammetv","enclosedBy":{"name":"Programme","type":"class"}},{"name":"getDescription","qualifiedName":"programme.Programme.getDescription","href":"programme/Programme/getDescription.html","type":"method","overriddenDepth":0,"packageName":"monprogrammetv","enclosedBy":{"name":"Programme","type":"class"}},{"name":"getHeureDebut","qualifiedName":"programme.Programme.getHeureDebut","href":"programme/Programme/getHeureDebut.html","type":"method","overriddenDepth":0,"packageName":"monprogrammetv","enclosedBy":{"name":"Programme","type":"class"}},{"name":"getHeureDebutAsString","qualifiedName":"programme.Programme.getHeureDebutAsString","href":"programme/Programme/getHeureDebutAsString.html","type":"method","overriddenDepth":0,"packageName":"monprogrammetv","enclosedBy":{"name":"Programme","type":"class"}},{"name":"getLogoPath","qualifiedName":"programme.Programme.getLogoPath","href":"programme/Programme/getLogoPath.html","type":"method","overriddenDepth":0,"packageName":"monprogrammetv","enclosedBy":{"name":"Programme","type":"class"}},{"name":"getTitle","qualifiedName":"programme.Programme.getTitle","href":"programme/Programme/getTitle.html","type":"method","overriddenDepth":0,"packageName":"monprogrammetv","enclosedBy":{"name":"Programme","type":"class"}},{"name":"heureDebut","qualifiedName":"programme.Programme.heureDebut","href":"programme/Programme/heureDebut.html","type":"property","overriddenDepth":0,"packageName":"monprogrammetv","enclosedBy":{"name":"Programme","type":"class"}},{"name":"setCategory","qualifiedName":"programme.Programme.setCategory","href":"programme/Programme/setCategory.html","type":"method","overriddenDepth":0,"packageName":"monprogrammetv","enclosedBy":{"name":"Programme","type":"class"}},{"name":"setChaine","qualifiedName":"programme.Programme.setChaine","href":"programme/Programme/setChaine.html","type":"method","overriddenDepth":0,"packageName":"monprogrammetv","enclosedBy":{"name":"Programme","type":"class"}},{"name":"setDescription","qualifiedName":"programme.Programme.setDescription","href":"programme/Programme/setDescription.html","type":"method","overriddenDepth":0,"packageName":"monprogrammetv","enclosedBy":{"name":"Programme","type":"class"}},{"name":"setHeureDebut","qualifiedName":"programme.Programme.setHeureDebut","href":"programme/Programme/setHeureDebut.html","type":"method","overriddenDepth":0,"packageName":"monprogrammetv","enclosedBy":{"name":"Programme","type":"class"}},{"name":"setLogoPath","qualifiedName":"programme.Programme.setLogoPath","href":"programme/Programme/setLogoPath.html","type":"method","overriddenDepth":0,"packageName":"monprogrammetv","enclosedBy":{"name":"Programme","type":"class"}},{"name":"setTitle","qualifiedName":"programme.Programme.setTitle","href":"programme/Programme/setTitle.html","type":"method","overriddenDepth":0,"packageName":"monprogrammetv","enclosedBy":{"name":"Programme","type":"class"}},{"name":"toString","qualifiedName":"programme.Programme.toString","href":"programme/Programme/toString.html","type":"method","overriddenDepth":1,"packageName":"monprogrammetv","enclosedBy":{"name":"Programme","type":"class"}},{"name":"ProgrammeTVList","qualifiedName":"programme.ProgrammeTVList","href":"programme/ProgrammeTVList.html","type":"extension","overriddenDepth":0,"packageName":"monprogrammetv","enclosedBy":{"name":"programme","type":"library"}},{"name":"sortBetweenDR","qualifiedName":"programme.ProgrammeTVList.sortBetweenDR","href":"programme/ProgrammeTVList/sortBetweenDR.html","type":"method","overriddenDepth":0,"packageName":"monprogrammetv","enclosedBy":{"name":"ProgrammeTVList","type":"extension"}}]
